"ZIP Code","School ID","Name of School","CPS Performance Policy Level","2011 PARTICIPANTS"
60623,609966,"Charles G Hammond Elementary School","Level 2",1693
60623,609966,"Charles G Hammond Elementary School","Level 2",1056
60634,610539,"Marvin Camras Elementary School","Not Enough Data",607
60634,610539,"Marvin Camras Elementary School","Not Enough Data",815
60634,610539,"Marvin Camras Elementary School","Not Enough Data",770
60625,609852,"Eliza Chappell Elementary School","Level 1",1888
60625,609852,"Eliza Chappell Elementary School","Level 1",1103
60651,609835,"Daniel R Cameron Elementary School","Level 3",275
60636,610521,"Sir Miles Davis Magnet Elementary Academy","Level 3",606
60639,609818,"Luther Burbank Elementary School","Level 2",1070
60639,609818,"Luther Burbank Elementary School","Level 2",1348
60620,610298,"Lenart Elementary Regional Gifted Center","Level 1",750
60620,610298,"Lenart Elementary Regional Gifted Center","Level 1",1277
60617,610200,"James N Thorp Elementary School","Level 3",439
60617,610200,"James N Thorp Elementary School","Level 3",352
60617,610200,"James N Thorp Elementary School","Level 3",276
60617,610200,"James N Thorp Elementary School","Level 3",421
60610,609680,"Walter Payton College Preparatory High School","Level 1",553
60623,610056,"Roswell B Mason Elementary School","Level 3",1693
60623,610056,"Roswell B Mason Elementary School","Level 3",1056
60827,609848,"Ira F Aldridge Elementary School","Level 3",181
60614,610038,"Abraham Lincoln Elementary School","Level 1",1142
60623,610123,"William Penn Elementary School","Level 3",1693
60623,610123,"William Penn Elementary School","Level 3",1056
60622,609863,"Christopher Columbus Elementary School","Level 1",571
60629,610226,"Socorro Sandoval Elementary School","Level 3",797
60629,610226,"Socorro Sandoval Elementary School","Level 3",1698
60612,609722,"Manley Career Academy High School","Level 3",723
60612,609722,"Manley Career Academy High School","Level 3",334
60612,610308,"Wilma Rudolph Elementary Learning Center","Not Enough Data",723
60612,610308,"Wilma Rudolph Elementary Learning Center","Not Enough Data",334
60625,609749,"Northside College Preparatory High School","Level 1",1888
60625,609749,"Northside College Preparatory High School","Level 1",1103
60632,609958,"Frank W Gunsaulus Elementary Scholastic Academy","Level 1",358
60632,609958,"Frank W Gunsaulus Elementary Scholastic Academy","Level 1",775
60632,609958,"Frank W Gunsaulus Elementary Scholastic Academy","Level 1",340
60612,610121,"Washington Irving Elementary School","Level 2",723
60612,610121,"Washington Irving Elementary School","Level 2",334
60652,610352,"Durkin Park Elementary School","Level 1",649
60652,610352,"Durkin Park Elementary School","Level 1",1230
60633,609856,"Henry Clay Elementary School","Level 2",118
60637,609919,"John Fiske Elementary School","Level 3",743
60623,609938,"Joseph E Gary Elementary School","Level 2",1693
60623,609938,"Joseph E Gary Elementary School","Level 2",1056
60625,610212,"Albany Park Multicultural Academy","Level 1",1888
60625,610212,"Albany Park Multicultural Academy","Level 1",1103
60609,610239,"Richard J Daley Elementary Academy","Level 2",278
60609,610239,"Richard J Daley Elementary Academy","Level 2",286
60609,610239,"Richard J Daley Elementary Academy","Level 2",882
60609,610239,"Richard J Daley Elementary Academy","Level 2",492
60609,610239,"Richard J Daley Elementary Academy","Level 2",360
60631,610523,"Edison Park Elementary School","Level 1",797
60619,610047,"James Madison Elementary School","Level 2",721
60619,610047,"James Madison Elementary School","Level 2",403
60644,610244,"Michele Clark Academic Prep Magnet High School","Level 3",432
60608,610013,"Pilsen Elementary Community Academy","Level 1",1434
60608,610013,"Pilsen Elementary Community Academy","Level 1",828
60640,610394,"Uplift Community High School","Level 2",826
60612,610243,"John Calhoun North Elementary School","Level 1",723
60612,610243,"John Calhoun North Elementary School","Level 1",334
60636,610285,"Granville T Woods Math & Science Academy Elementary School","Level 2",606
60618,609799,"Alexander Graham Bell Elementary School","Level 1",1564
60612,610257,"Morton School of Excellence","Level 1",723
60612,610257,"Morton School of Excellence","Level 1",334
60643,609725,"Morgan Park High School","Level 2",1080
60643,609725,"Morgan Park High School","Level 2",1053
60643,609725,"Morgan Park High School","Level 2",155
60615,610381,"Bronzeville Scholastic Academy High School","Level 3",953
60615,610381,"Bronzeville Scholastic Academy High School","Level 3",773
60612,610251,"Willa Cather Elementary School","Level 1",723
60612,610251,"Willa Cather Elementary School","Level 1",334
60652,609698,"William J Bogan High School","Level 3",649
60652,609698,"William J Bogan High School","Level 3",1230
60619,609712,"Emil G Hirsch Metropolitan High School","Level 3",721
60619,609712,"Emil G Hirsch Metropolitan High School","Level 3",403
60628,610178,"Theophilus Schmid Elementary School","Level 2",1221
60628,610178,"Theophilus Schmid Elementary School","Level 2",524
60647,609853,"Salmon P Chase Elementary School","Level 2",249
60647,609853,"Salmon P Chase Elementary School","Level 2",581
60647,609853,"Salmon P Chase Elementary School","Level 2",615
60657,609773,"Louis A Agassiz Elementary School","Level 1",565
60657,609773,"Louis A Agassiz Elementary School","Level 1",651
60615,610143,"William C Reavis Math & Science Specialty Elementary School","Level 3",953
60615,610143,"William C Reavis Math & Science Specialty Elementary School","Level 3",773
60629,610057,"Fairfield Elementary Academy","Level 3",797
60629,610057,"Fairfield Elementary Academy","Level 3",1698
60622,609854,"Frederic Chopin Elementary School","Level 1",571
60617,609961,"Ninos Heroes Elementary Academic Center","Level 2",439
60617,609961,"Ninos Heroes Elementary Academic Center","Level 2",352
60617,609961,"Ninos Heroes Elementary Academic Center","Level 2",276
60617,609961,"Ninos Heroes Elementary Academic Center","Level 2",421
60609,610062,"George B McClellan Elementary School","Level 2",278
60609,610062,"George B McClellan Elementary School","Level 2",286
60609,610062,"George B McClellan Elementary School","Level 2",882
60609,610062,"George B McClellan Elementary School","Level 2",492
60609,610062,"George B McClellan Elementary School","Level 2",360
60644,610501,"Austin Polytechnical Academy High School","Level 2",432
60656,610105,"Oriole Park Elementary School","Level 1",452
60637,609837,"Andrew Carnegie Elementary School","Level 3",743
60617,610054,"John L Marsh Elementary School","Level 2",439
60617,610054,"John L Marsh Elementary School","Level 2",352
60617,610054,"John L Marsh Elementary School","Level 2",276
60617,610054,"John L Marsh Elementary School","Level 2",421
60643,610225,"John Whistler Elementary School","Level 3",1080
60643,610225,"John Whistler Elementary School","Level 3",1053
60643,610225,"John Whistler Elementary School","Level 3",155
60617,610280,"Kate S Buckingham Special Education Center","Level 3",439
60617,610280,"Kate S Buckingham Special Education Center","Level 3",352
60617,610280,"Kate S Buckingham Special Education Center","Level 3",276
60617,610280,"Kate S Buckingham Special Education Center","Level 3",421
60623,610392,"World Language Academy High School","Level 2",1693
60623,610392,"World Language Academy High School","Level 2",1056
60608,609777,"Phillip D Armour Elementary School","Level 2",1434
60608,609777,"Phillip D Armour Elementary School","Level 2",828
60636,609941,"Asa Philip Randolph Elementary School","Level 3",606
60607,610060,"Andrew Jackson Elementary Language Academy","Level 1",929
60617,609772,"Jane Addams Elementary School","Level 2",439
60617,609772,"Jane Addams Elementary School","Level 2",352
60617,609772,"Jane Addams Elementary School","Level 2",276
60617,609772,"Jane Addams Elementary School","Level 2",421
60623,610385,"Multicultural Academy of Scholarship","Level 2",1693
60623,610385,"Multicultural Academy of Scholarship","Level 2",1056
60638,610087,"Blair Early Childhood Center","NDA",1097
60638,610087,"Blair Early Childhood Center","NDA",1002
60628,609808,"Alex Haley Elementary Academy","Level 2",1221
60628,609808,"Alex Haley Elementary Academy","Level 2",524
60645,609779,"George Armstrong International Studies Elementary School","Level 1",1001
60623,610535,"Mason High School","Not Enough Data",1693
60623,610535,"Mason High School","Not Enough Data",1056
60622,609896,"Thomas Drummond Elementary School","Level 1",571
60617,610198,"Douglas Taylor Elementary School","Level 2",439
60617,610198,"Douglas Taylor Elementary School","Level 2",352
60617,610198,"Douglas Taylor Elementary School","Level 2",276
60617,610198,"Douglas Taylor Elementary School","Level 2",421
60617,609862,"Edward Coles Elementary Language Academy","Level 2",439
60617,609862,"Edward Coles Elementary Language Academy","Level 2",352
60617,609862,"Edward Coles Elementary Language Academy","Level 2",276
60617,609862,"Edward Coles Elementary Language Academy","Level 2",421
60629,610117,"Louis Pasteur Elementary School","Level 2",797
60629,610117,"Louis Pasteur Elementary School","Level 2",1698
60632,609756,"Marie Sklodowska Curie Metropolitan High School","Level 3",358
60632,609756,"Marie Sklodowska Curie Metropolitan High School","Level 3",775
60632,609756,"Marie Sklodowska Curie Metropolitan High School","Level 3",340
60617,609739,"George Washington High School","Level 2",439
60617,609739,"George Washington High School","Level 2",352
60617,609739,"George Washington High School","Level 2",276
60617,609739,"George Washington High School","Level 2",421
60625,609994,"William G Hibbard Elementary School","Level 2",1888
60625,609994,"William G Hibbard Elementary School","Level 2",1103
60636,610391,"Robert Lindblom Math & Science Academy High School","Level 1",606
60628,609917,"Fernwood Elementary School","Level 3",1221
60628,609917,"Fernwood Elementary School","Level 3",524
60616,610232,"Williams Multiplex Elementary School","Level 2",66
60616,610232,"Williams Multiplex Elementary School","Level 2",569
60644,610305,"George Leland Elementary School","Level 3",432
60617,610316,"Amelia Earhart Options for Knowledge Elementary School","Level 2",439
60617,610316,"Amelia Earhart Options for Knowledge Elementary School","Level 2",352
60617,610316,"Amelia Earhart Options for Knowledge Elementary School","Level 2",276
60617,610316,"Amelia Earhart Options for Knowledge Elementary School","Level 2",421
60644,610367,"Oscar DePriest Elementary School","Level 2",432
60608,609764,"Benito Juarez Community Academy High School","Level 3",1434
60608,609764,"Benito Juarez Community Academy High School","Level 3",828
60628,610004,"Countee Cullen Elementary School","Level 3",1221
60628,610004,"Countee Cullen Elementary School","Level 3",524
60638,610026,"John H Kinzie Elementary School","Level 1",1097
60638,610026,"John H Kinzie Elementary School","Level 1",1002
60621,609997,"Oliver Wendell Holmes Elementary School","Level 3",454
60628,610368,"Langston Hughes Elementary School","Level 3",1221
60628,610368,"Langston Hughes Elementary School","Level 3",524
60609,610319,"Evergreen Academy Middle School","Level 2",278
60609,610319,"Evergreen Academy Middle School","Level 2",286
60609,610319,"Evergreen Academy Middle School","Level 2",882
60609,610319,"Evergreen Academy Middle School","Level 2",492
60609,610319,"Evergreen Academy Middle School","Level 2",360
60637,609713,"Hyde Park Academy High School","Level 3",743
60624,609723,"John Marshall Metropolitan High School","Level 3",710
60629,610291,"Richard Henry Lee Elementary School","Level 2",797
60629,610291,"Richard Henry Lee Elementary School","Level 2",1698
60617,609821,"Burnham Elementary Inclusive Academy","Level 1",439
60617,609821,"Burnham Elementary Inclusive Academy","Level 1",352
60617,609821,"Burnham Elementary Inclusive Academy","Level 1",276
60617,609821,"Burnham Elementary Inclusive Academy","Level 1",421
60608,610129,"Josiah Pickard Elementary School","Level 2",1434
60608,610129,"Josiah Pickard Elementary School","Level 2",828
60619,609883,"Charles S Deneen Elementary School","Level 2",721
60619,609883,"Charles S Deneen Elementary School","Level 2",403
60612,610271,"Jensen Elementary Scholastic Academy","Level 2",723
60612,610271,"Jensen Elementary Scholastic Academy","Level 2",334
60615,610277,"Anthony Overton Elementary School","Level 3",953
60615,610277,"Anthony Overton Elementary School","Level 3",773
60625,609972,"Helge A Haugan Elementary School","Level 2",1888
60625,609972,"Helge A Haugan Elementary School","Level 2",1103
60620,609805,"Scott Joplin Elementary School","Level 3",750
60620,609805,"Scott Joplin Elementary School","Level 3",1277
60659,610191,"Stone Elementary Scholastic Academy","Level 1",1521
60609,610114,"Francis Parkman Elementary School","Level 3",278
60609,610114,"Francis Parkman Elementary School","Level 3",286
60609,610114,"Francis Parkman Elementary School","Level 3",882
60609,610114,"Francis Parkman Elementary School","Level 3",492
60609,610114,"Francis Parkman Elementary School","Level 3",360
60625,609737,"Friedrich W von Steuben Metropolitan Science High School","Level 2",1888
60625,609737,"Friedrich W von Steuben Metropolitan Science High School","Level 2",1103
60629,609842,"Rachel Carson Elementary School","Level 2",797
60629,609842,"Rachel Carson Elementary School","Level 2",1698
60620,610016,"Kate S Kellogg Elementary School","Level 2",750
60620,610016,"Kate S Kellogg Elementary School","Level 2",1277
60647,610192,"Harriet Beecher Stowe Elementary School","Level 3",249
60647,610192,"Harriet Beecher Stowe Elementary School","Level 3",581
60647,610192,"Harriet Beecher Stowe Elementary School","Level 3",615
60632,610174,"James Shields Elementary School","Level 2",358
60632,610174,"James Shields Elementary School","Level 2",775
60632,610174,"James Shields Elementary School","Level 2",340
60636,609745,"Southside Occupational Academy High School","Not Enough Data",606
60609,609885,"Dewey Elementary Academy of Fine Arts","Level 3",278
60609,609885,"Dewey Elementary Academy of Fine Arts","Level 3",286
60609,609885,"Dewey Elementary Academy of Fine Arts","Level 3",882
60609,609885,"Dewey Elementary Academy of Fine Arts","Level 3",492
60609,609885,"Dewey Elementary Academy of Fine Arts","Level 3",360
60649,610103,"Isabelle C O'Keeffe Elementary School","Level 3",225
60615,609819,"Edmond Burke Elementary School","Level 3",953
60615,609819,"Edmond Burke Elementary School","Level 3",773
60633,609944,"Virgil Grissom Elementary School","Level 2",118
60625,609817,"Lyman A Budlong Elementary School","Level 2",1888
60625,609817,"Lyman A Budlong Elementary School","Level 2",1103
60608,609872,"Manuel Perez Elementary School","Level 1",1434
60608,609872,"Manuel Perez Elementary School","Level 1",828
60610,610534,"Skinner North","Not Enough Data",553
60632,610543,"Eric Solorio Academy High School","Not Enough Data",358
60632,610543,"Eric Solorio Academy High School","Not Enough Data",775
60632,610543,"Eric Solorio Academy High School","Not Enough Data",340
60620,609692,"Neal F Simeon Career Academy High School","Level 3",750
60620,609692,"Neal F Simeon Career Academy High School","Level 3",1277
60629,609694,"John Hancock College Preparatory High School","Level 3",797
60629,609694,"John Hancock College Preparatory High School","Level 3",1698
60618,610039,"Carl von Linne Elementary School","Level 1",1564
60643,609861,"Henry R Clissold Elementary School","Level 2",1080
60643,609861,"Henry R Clissold Elementary School","Level 2",1053
60643,609861,"Henry R Clissold Elementary School","Level 2",155
60643,610199,"Johnnie Colemon Elementary Academy","Level 2",1080
60643,610199,"Johnnie Colemon Elementary Academy","Level 2",1053
60643,610199,"Johnnie Colemon Elementary Academy","Level 2",155
60625,609695,"Roald Amundsen High School","Level 3",1888
60625,609695,"Roald Amundsen High School","Level 3",1103
60641,609708,"Edwin G Foreman High School","Level 3",1133
60616,610231,"National Teachers Elementary Academy","Level 1",66
60616,610231,"National Teachers Elementary Academy","Level 1",569
60620,609790,"Clara Barton Elementary School","Level 3",750
60620,609790,"Clara Barton Elementary School","Level 3",1277
60636,609913,"Elaine O Goodlow Elementary Magnet School","Level 3",606
60623,609950,"Josefa Ortiz De Dominguez Elementary School","NDA",1693
60623,609950,"Josefa Ortiz De Dominguez Elementary School","NDA",1056
60639,610051,"Northwest Middle School","Level 3",1070
60639,610051,"Northwest Middle School","Level 3",1348
60623,610254,"Dvorak Technology Academy","Level 3",1693
60623,610254,"Dvorak Technology Academy","Level 3",1056
60640,610070,"James B McPherson Elementary School","Level 2",826
60616,609676,"Paul Laurence Dunbar Career Academy High School","Level 3",66
60616,609676,"Paul Laurence Dunbar Career Academy High School","Level 3",569
60649,610281,"Adam Clayton Powell Paideia Community Academy Elementary School","Level 1",225
60608,610216,"John A Walsh Elementary School","Level 2",1434
60608,610216,"John A Walsh Elementary School","Level 2",828
60625,610220,"Thomas J Waters Elementary School","Level 1",1888
60625,610220,"Thomas J Waters Elementary School","Level 1",1103
60628,609978,"Wendell Smith Elementary School","Level 3",1221
60628,609978,"Wendell Smith Elementary School","Level 3",524
60639,610043,"Joseph Lovett Elementary School","Level 2",1070
60639,610043,"Joseph Lovett Elementary School","Level 2",1348
60634,609732,"Charles P Steinmetz Academic Centre High School","Level 3",607
60634,609732,"Charles P Steinmetz Academic Centre High School","Level 3",815
60634,609732,"Charles P Steinmetz Academic Centre High School","Level 3",770
60629,609741,"Gurdon S Hubbard High School","Level 2",797
60629,609741,"Gurdon S Hubbard High School","Level 2",1698
60613,610242,"Joseph Brennemann Elementary School","Level 1",807
60608,610180,"John M Smyth Elementary School","Level 3",1434
60608,610180,"John M Smyth Elementary School","Level 3",828
60613,610078,"Inter-American Elementary Magnet School","Level 1",807
60647,610234,"Richard Yates Elementary School","Level 3",249
60647,610234,"Richard Yates Elementary School","Level 3",581
60647,610234,"Richard Yates Elementary School","Level 3",615
60618,609720,"Albert G Lane Technical High School","Level 1",1564
60647,610074,"James Monroe Elementary School","Level 2",249
60647,610074,"James Monroe Elementary School","Level 2",581
60647,610074,"James Monroe Elementary School","Level 2",615
60641,609729,"Carl Schurz High School","Level 3",1133
60628,610208,"Mildred I Lavizzo Elementary School","Level 3",1221
60628,610208,"Mildred I Lavizzo Elementary School","Level 3",524
60615,609736,"Dyett High School","Level 3",953
60615,609736,"Dyett High School","Level 3",773
60609,610504,"Velma F Thomas Early Childhood Center","NDA",278
60609,610504,"Velma F Thomas Early Childhood Center","NDA",286
60609,610504,"Velma F Thomas Early Childhood Center","NDA",882
60609,610504,"Velma F Thomas Early Childhood Center","NDA",492
60609,610504,"Velma F Thomas Early Childhood Center","NDA",360
60612,610304,"Phoenix Military Academy High School","Level 1",723
60612,610304,"Phoenix Military Academy High School","Level 1",334
60632,609829,"John C Burroughs Elementary School","Level 2",358
60632,609829,"John C Burroughs Elementary School","Level 2",775
60632,609829,"John C Burroughs Elementary School","Level 2",340
60628,610224,"West Pullman Elementary School","Level 3",1221
60628,610224,"West Pullman Elementary School","Level 3",524
60614,610136,"William H Prescott Elementary School","Level 2",1142
60617,609674,"Chicago Vocational Career Academy High School","Level 3",439
60617,609674,"Chicago Vocational Career Academy High School","Level 3",352
60617,609674,"Chicago Vocational Career Academy High School","Level 3",276
60617,609674,"Chicago Vocational Career Academy High School","Level 3",421
60640,610187,"Graeme Stewart Elementary School","Level 2",826
60651,609830,"Milton Brunson Math & Science Specialty Elementary School","Level 3",275
60619,610279,"Henry O Tanner Elementary School","Level 3",721
60619,610279,"Henry O Tanner Elementary School","Level 3",403
60613,610355,"Mary E Courtenay Elementary Language Arts Center","Level 2",807
60621,610299,"William A Hinton Elementary School","Level 3",454
60621,610223,"Daniel S Wentworth Elementary School","Level 3",454
60651,610036,"Leslie Lewis Elementary School","Level 3",275
60622,609828,"Jonathan Burr Elementary School","Level 1",571
60622,610031,"Jean D Lafayette Elementary School","Level 3",571
60640,610205,"Lyman Trumbull Elementary School","Level 3",826
60622,610229,"A.N. Pritzker School","Level 1",571
60652,610287,"Ashburn Community Elementary School","Level 2",649
60652,610287,"Ashburn Community Elementary School","Level 2",1230
60620,609924,"Fort Dearborn Elementary School","Level 2",750
60620,609924,"Fort Dearborn Elementary School","Level 2",1277
60609,610172,"William T Sherman Elementary School","Level 3",278
60609,610172,"William T Sherman Elementary School","Level 3",286
60609,610172,"William T Sherman Elementary School","Level 3",882
60609,610172,"William T Sherman Elementary School","Level 3",492
60609,610172,"William T Sherman Elementary School","Level 3",360
60638,609960,"Nathan Hale Elementary School","Level 2",1097
60638,609960,"Nathan Hale Elementary School","Level 2",1002
60640,610269,"John T McCutcheon Elementary School","Level 2",826
60643,610366,"Charles H Wacker Elementary School","Level 2",1080
60643,610366,"Charles H Wacker Elementary School","Level 2",1053
60643,610366,"Charles H Wacker Elementary School","Level 2",155
60637,610115,"Park Manor Elementary School","Level 3",743
60644,609795,"George Rogers Clark Elementary School","Level 1",432
60625,610354,"North River Elementary School","Level 2",1888
60625,610354,"North River Elementary School","Level 2",1103
60619,610146,"Paul Revere Elementary School","Level 3",721
60619,610146,"Paul Revere Elementary School","Level 3",403
60629,609898,"John F Eberhart Elementary School","Level 3",797
60629,609898,"John F Eberhart Elementary School","Level 3",1698
60647,609780,"Ames Middle School","Level 2",249
60647,609780,"Ames Middle School","Level 2",581
60647,609780,"Ames Middle School","Level 2",615
60622,610119,"Elizabeth Peabody Elementary School","Level 2",571
60644,610020,"Francis Scott Key Elementary School","Level 2",432
60609,610037,"Arthur A Libby Elementary School","Level 3",278
60609,610037,"Arthur A Libby Elementary School","Level 3",286
60609,610037,"Arthur A Libby Elementary School","Level 3",882
60609,610037,"Arthur A Libby Elementary School","Level 3",492
60609,610037,"Arthur A Libby Elementary School","Level 3",360
60632,610170,"Columbia Explorers Elementary Academy","Level 2",358
60632,610170,"Columbia Explorers Elementary Academy","Level 2",775
60632,610170,"Columbia Explorers Elementary Academy","Level 2",340
60623,609826,"Rosario Castellanos Elementary School","Level 2",1693
60623,609826,"Rosario Castellanos Elementary School","Level 2",1056
60637,610530,"South Shore Fine Arts Academy","Not Enough Data",743
60651,610044,"James Russell Lowell Elementary School","Level 2",275
60628,609900,"George W Curtis Elementary School","Level 3",1221
60628,609900,"George W Curtis Elementary School","Level 3",524
60638,610206,"Mark Twain Elementary School","Level 1",1097
60638,610206,"Mark Twain Elementary School","Level 1",1002
60609,610148,"Cesar E Chavez Multicultural Academic Center Elementary School","Level 1",278
60609,610148,"Cesar E Chavez Multicultural Academic Center Elementary School","Level 1",286
60609,610148,"Cesar E Chavez Multicultural Academic Center Elementary School","Level 1",882
60609,610148,"Cesar E Chavez Multicultural Academic Center Elementary School","Level 1",492
60609,610148,"Cesar E Chavez Multicultural Academic Center Elementary School","Level 1",360
60645,610147,"Philip Rogers Elementary School","Level 1",1001
60645,609804,"Daniel Boone Elementary School","Level 1",1001
60624,610133,"Laura S Ward Elementary School","Level 3",710
60634,610179,"Washington D Smyser Elementary School","Level 1",607
60634,610179,"Washington D Smyser Elementary School","Level 1",815
60634,610179,"Washington D Smyser Elementary School","Level 1",770
60612,610252,"Robert Nathaniel Dett Elementary School","Level 1",723
60612,610252,"Robert Nathaniel Dett Elementary School","Level 1",334
60612,610405,"Suder Montessori Magnet Elementary School","Level 1",723
60612,610405,"Suder Montessori Magnet Elementary School","Level 1",334
60609,609929,"Robert Fulton Elementary School","Level 2",278
60609,609929,"Robert Fulton Elementary School","Level 2",286
60609,609929,"Robert Fulton Elementary School","Level 2",882
60609,609929,"Robert Fulton Elementary School","Level 2",492
60609,609929,"Robert Fulton Elementary School","Level 2",360
60613,609719,"Lake View High School","Level 2",807
60643,610207,"John H Vanderpoel Elementary Magnet School","Level 2",1080
60643,610207,"John H Vanderpoel Elementary Magnet School","Level 2",1053
60643,610207,"John H Vanderpoel Elementary Magnet School","Level 2",155
60621,609768,"Hope College Preparatory High School","Level 3",454
60620,609955,"Walter Q Gresham Elementary School","Level 2",750
60620,609955,"Walter Q Gresham Elementary School","Level 2",1277
60626,610022,"Joyce Kilmer Elementary School","Level 2",1272
60629,610120,"Ferdinand Peck Elementary School","Level 1",797
60629,610120,"Ferdinand Peck Elementary School","Level 1",1698
60621,609793,"Nicholson Technology Academy","Level 2",454
60625,610209,"Alessandro Volta Elementary School","Level 2",1888
60625,610209,"Alessandro Volta Elementary School","Level 2",1103
60628,609761,"George H Corliss High School","Level 3",1221
60628,609761,"George H Corliss High School","Level 3",524
60643,610086,"Mount Vernon Elementary School","Level 2",1080
60643,610086,"Mount Vernon Elementary School","Level 2",1053
60643,610086,"Mount Vernon Elementary School","Level 2",155
60637,609969,"Bret Harte Elementary School","Level 3",743
60623,610017,"Maria Saucedo Elementary Scholastic Academy","Level 1",1693
60623,610017,"Maria Saucedo Elementary Scholastic Academy","Level 1",1056
60610,609926,"Franklin Elementary Fine Arts Center","Level 1",553
60612,610073,"Ellen Mitchell Elementary School","Level 1",723
60612,610073,"Ellen Mitchell Elementary School","Level 1",334
60617,609811,"Orville T Bright Elementary School","Level 3",439
60617,609811,"Orville T Bright Elementary School","Level 3",352
60617,609811,"Orville T Bright Elementary School","Level 3",276
60617,609811,"Orville T Bright Elementary School","Level 3",421
60625,609728,"Theodore Roosevelt High School","Level 3",1888
60625,609728,"Theodore Roosevelt High School","Level 3",1103
60629,610077,"Donald Morrill Math & Science Elementary School","Level 3",797
60629,610077,"Donald Morrill Math & Science Elementary School","Level 3",1698
60641,609910,"Laughlin Falconer Elementary School","Level 2",1133
60646,609995,"Rufus M Hitch Elementary School","Level 1",804
60623,610274,"James Weldon Johnson Elementary School","Level 2",1693
60623,610274,"James Weldon Johnson Elementary School","Level 2",1056
60645,609880,"Stephen Decatur Classical Elementary School","Level 1",1001
60624,609881,"Edward C Delano Elementary School","Level 2",710
60613,609850,"Horace Greeley Elementary School","Level 1",807
60647,609809,"Lorenz Brentano Math & Science Academy Elementary School","Level 2",249
60647,609809,"Lorenz Brentano Math & Science Academy Elementary School","Level 2",581
60647,609809,"Lorenz Brentano Math & Science Academy Elementary School","Level 2",615
60637,609813,"Charles S Brownell Elementary School","Level 2",743
60617,610193,"William K New Sullivan Elementary School","Level 3",439
60617,610193,"William K New Sullivan Elementary School","Level 3",352
60617,610193,"William K New Sullivan Elementary School","Level 3",276
60617,610193,"William K New Sullivan Elementary School","Level 3",421
60640,609945,"William C Goudy Elementary School","Level 1",826
60647,609968,"Sharon Christa McAuliffe Elementary School","Level 3",249
60647,609968,"Sharon Christa McAuliffe Elementary School","Level 3",581
60647,609968,"Sharon Christa McAuliffe Elementary School","Level 3",615
60626,609933,"Stephen F Gale Elementary Community Academy","Level 3",1272
60637,610142,"William H Ray Elementary School","Level 1",743
60707,610158,"Harriet E Sayre Elementary Language Academy","Level 2",338
60623,610063,"Cyrus H McCormick Elementary School","Level 1",1693
60623,610063,"Cyrus H McCormick Elementary School","Level 1",1056
60623,610134,"Nathaniel Pope Elementary School","Level 3",1693
60623,610134,"Nathaniel Pope Elementary School","Level 3",1056
60644,610518,"VOISE Academy High School","Level 2",432
60616,609979,"Robert Healy Elementary School","Level 1",66
60616,609979,"Robert Healy Elementary School","Level 1",569
60624,610503,"Frazier Prospective IB Magnet Elementary School","Level 1",710
60622,610210,"Alexander von Humboldt Elementary School","Level 3",571
60629,610006,"Edward N Hurley Elementary School","Level 1",797
60629,610006,"Edward N Hurley Elementary School","Level 1",1698
60637,610169,"Austin O Sexton Elementary School","Level 3",743
60612,610365,"Mary McLeod Bethune Elementary School","Level 3",723
60612,610365,"Mary McLeod Bethune Elementary School","Level 3",334
60608,609851,"Thomas Chalmers Specialty Elementary School","Level 3",1434
60608,609851,"Thomas Chalmers Specialty Elementary School","Level 3",828
60621,610233,"Elihu Yale Elementary School","Level 3",454
60617,609833,"Charles P Caldwell Academy of Math & Science Elementary School","Level 3",439
60617,609833,"Charles P Caldwell Academy of Math & Science Elementary School","Level 3",352
60617,609833,"Charles P Caldwell Academy of Math & Science Elementary School","Level 3",276
60617,609833,"Charles P Caldwell Academy of Math & Science Elementary School","Level 3",421
60644,609904,"Edward K Ellington Elementary School","Level 2",432
60657,610094,"Louis Nettelhorst Elementary School","Level 1",565
60657,610094,"Louis Nettelhorst Elementary School","Level 1",651
60618,610402,"DeVry University Advantage Academy High School","Level 1",1564
60619,610066,"James E McDade Elementary Classical School","Level 1",721
60619,610066,"James E McDade Elementary Classical School","Level 1",403
60652,610185,"Adlai E Stevenson Elementary School","Level 2",649
60652,610185,"Adlai E Stevenson Elementary School","Level 2",1230
60641,609789,"John Barry Elementary School","Level 2",1133
60607,610177,"Mark Skinner Elementary School","Level 1",929
60624,610241,"Guglielmo Marconi Elementary Community Academy","Level 3",710
60632,609715,"Thomas Kelly High School","Level 2",358
60632,609715,"Thomas Kelly High School","Level 2",775
60632,609715,"Thomas Kelly High School","Level 2",340
60612,609925,"Joseph Kellman Corporate Community Elementary School","Level 2",723
60612,609925,"Joseph Kellman Corporate Community Elementary School","Level 2",334
60608,609967,"William F Finkl Elementary School","Level 2",1434
60608,609967,"William F Finkl Elementary School","Level 2",828
60636,609711,"William Rainey Harper High School","Level 2",606
60645,610542,"West Ridge Elementary School","Not Enough Data",1001
60619,610130,"John T Pirie Fine Arts & Academic Center Elementary School","Level 2",721
60619,610130,"John T Pirie Fine Arts & Academic Center Elementary School","Level 2",403
60631,610099,"Norwood Park Elementary School","Level 1",797
60649,610116,"Parkside Elementary Community Academy","Level 3",225
60612,609989,"Victor Herbert Elementary School","Level 1",723
60612,609989,"Victor Herbert Elementary School","Level 1",334
60621,609707,"Paul Robeson High School","Level 3",454
60621,610112,"Francis W Parker Elementary Community Academy","Level 2",454
60617,610171,"Arnold Mireles Elementary Academy","Level 3",439
60617,610171,"Arnold Mireles Elementary Academy","Level 3",352
60617,610171,"Arnold Mireles Elementary Academy","Level 3",276
60617,610171,"Arnold Mireles Elementary Academy","Level 3",421
60619,609887,"Arthur Dixon Elementary School","Level 2",721
60619,609887,"Arthur Dixon Elementary School","Level 2",403
60630,610137,"Ernst Prussing Elementary School","Level 2",413
60630,610137,"Ernst Prussing Elementary School","Level 2",947
60647,609942,"Johann W von Goethe Elementary School","Level 2",249
60647,609942,"Johann W von Goethe Elementary School","Level 2",581
60647,609942,"Johann W von Goethe Elementary School","Level 2",615
60639,609922,"Belmont-Cragin Elementary School","Level 2",1070
60639,609922,"Belmont-Cragin Elementary School","Level 2",1348
60620,609927,"Foster Park Elementary School","Level 3",750
60620,609927,"Foster Park Elementary School","Level 3",1277
60608,610228,"John Greenleaf Whittier Elementary School","Level 3",1434
60608,610228,"John Greenleaf Whittier Elementary School","Level 3",828
60629,609709,"Gage Park High School","Level 3",797
60629,609709,"Gage Park High School","Level 3",1698
60623,610184,"John Spry Elementary Community School","Level 2",1693
60623,610184,"John Spry Elementary Community School","Level 2",1056
60643,609788,"Alice L Barnard Computer Math & Science Center Elementary School","Level 1",1080
60643,609788,"Alice L Barnard Computer Math & Science Center Elementary School","Level 1",1053
60643,609788,"Alice L Barnard Computer Math & Science Center Elementary School","Level 1",155
60628,609902,"Ralph H Metcalfe Elementary Community Academy","Level 3",1221
60628,609902,"Ralph H Metcalfe Elementary Community Academy","Level 3",524
60643,609908,"Esmond Elementary School","Level 2",1080
60643,609908,"Esmond Elementary School","Level 2",1053
60643,609908,"Esmond Elementary School","Level 2",155
60628,610362,"Medgar Evers Elementary School","Level 1",1221
60628,610362,"Medgar Evers Elementary School","Level 1",524
60637,609844,"William W Carter Elementary School","Level 3",743
60647,609930,"Frederick Funston Elementary School","Level 3",249
60647,609930,"Frederick Funston Elementary School","Level 3",581
60647,609930,"Frederick Funston Elementary School","Level 3",615
60651,610021,"Pablo Casals Elementary School","Level 3",275
60628,610139,"George M Pullman Elementary School","Level 2",1221
60628,610139,"George M Pullman Elementary School","Level 2",524
60621,610339,"Amos Alonzo Stagg Elementary School","Level 3",454
60655,609871,"Barbara Vick Early Childhood & Family Center","NDA",503
60618,609782,"John J Audubon Elementary School","Level 1",1564
60624,609954,"John Milton Gregory Elementary School","Level 1",710
60632,610353,"Calmeca Academy of Fine Arts and Dual Language","Level 2",358
60632,610353,"Calmeca Academy of Fine Arts and Dual Language","Level 2",775
60632,610353,"Calmeca Academy of Fine Arts and Dual Language","Level 2",340
60628,610132,"Edgar Allan Poe Elementary Classical School","Level 1",1221
60628,610132,"Edgar Allan Poe Elementary Classical School","Level 1",524
60620,609971,"John Harvard Elementary School of Excellence","Level 2",750
60620,609971,"John Harvard Elementary School of Excellence","Level 2",1277
60618,609857,"Grover Cleveland Elementary School","Level 1",1564
60631,609734,"William Howard Taft High School","Level 2",797
60630,609796,"Jean Baptiste Beaubien Elementary School","Level 1",413
60630,609796,"Jean Baptiste Beaubien Elementary School","Level 1",947
60655,610084,"Annie Keller Elementary Gifted Magnet School","Level 1",503
60622,610529,"Ogden International High School","Not Enough Data",571
60615,610030,"Charles Kozminski Elementary Community Academy","Level 3",953
60615,610030,"Charles Kozminski Elementary Community Academy","Level 3",773
60609,609952,"Nathanael Greene Elementary School","Level 2",278
60609,609952,"Nathanael Greene Elementary School","Level 2",286
60609,609952,"Nathanael Greene Elementary School","Level 2",882
60609,609952,"Nathanael Greene Elementary School","Level 2",492
60609,609952,"Nathanael Greene Elementary School","Level 2",360
60657,609963,"Alexander Hamilton Elementary School","Level 2",565
60657,609963,"Alexander Hamilton Elementary School","Level 2",651
60613,610141,"Ravenswood Elementary School","Level 2",807
60659,610011,"Minnie Mars Jamieson Elementary School","Level 1",1521
60651,610106,"Brian Piccolo Elementary Specialty School","Level 3",275
60640,610189,"Joseph Stockton Elementary School","Level 2",826
60637,610065,"Emmett Louis Till Math and Science Academy","Level 3",743
60623,609991,"Theodore Herzl Elementary School","Level 3",1693
60623,609991,"Theodore Herzl Elementary School","Level 3",1056
60647,610076,"Bernhard Moos Elementary School","Level 2",249
60647,610076,"Bernhard Moos Elementary School","Level 2",581
60647,610076,"Bernhard Moos Elementary School","Level 2",615
60651,610282,"Ronald E McNair Elementary School","Level 3",275
60614,609738,"Lincoln Park High School","Level 2",1142
60608,610125,"Irma C Ruiz Elementary School","Level 2",1434
60608,610125,"Irma C Ruiz Elementary School","Level 2",828
60607,610009,"Galileo Math & Science Scholastic Academy Elementary School","Level 1",929
60620,610369,"Mahalia Jackson Elementary School","Level 3",750
60620,610369,"Mahalia Jackson Elementary School","Level 3",1277
60634,609884,"William E Dever Elementary School","Level 1",607
60634,609884,"William E Dever Elementary School","Level 1",815
60634,609884,"William E Dever Elementary School","Level 1",770
60631,609899,"Christian Ebinger Elementary School","Level 1",797
60632,610096,"Florence Nightingale Elementary School","Level 2",358
60632,610096,"Florence Nightingale Elementary School","Level 2",775
60632,610096,"Florence Nightingale Elementary School","Level 2",340
60655,609849,"George F Cassell Elementary School","Level 2",503
60639,609691,"North-Grand High School","Level 2",1070
60639,609691,"North-Grand High School","Level 2",1348
60639,610165,"Franz Peter Schubert Elementary School","Level 3",1070
60639,610165,"Franz Peter Schubert Elementary School","Level 3",1348
60637,610266,"Dumas Technology Academy","Level 3",743
60644,610092,"Henry H Nash Elementary School","Level 3",432
60643,610176,"John D Shoop Math-Science Technical Academy Elementary School","Level 3",1080
60643,610176,"John D Shoop Math-Science Technical Academy Elementary School","Level 3",1053
60643,610176,"John D Shoop Math-Science Technical Academy Elementary School","Level 3",155
60624,610389,"Orr Academy High School","Level 3",710
60634,610248,"Chicago Academy Elementary School","Level 1",607
60634,610248,"Chicago Academy Elementary School","Level 1",815
60634,610248,"Chicago Academy Elementary School","Level 1",770
60624,610055,"Michael Faraday Elementary School","Level 2",710
60629,610053,"Marquette Elementary School","Level 3",797
60629,610053,"Marquette Elementary School","Level 3",1698
60612,609702,"Richard T Crane Technical Preparatory High School","Level 3",723
60612,609702,"Richard T Crane Technical Preparatory High School","Level 3",334
60636,609986,"Charles R Henderson Elementary School","Level 3",606
60622,610342,"Albert R Sabin Elementary Magnet School","Level 3",571
60613,609803,"James G Blaine Elementary School","Level 1",807
60623,610253,"Julia C Lathrop Elementary School","Level 3",1693
60623,610253,"Julia C Lathrop Elementary School","Level 3",1056
60618,610321,"Thurgood Marshall Middle School","Level 3",1564
60657,609820,"Augustus H Burley Elementary School","Level 1",565
60657,609820,"Augustus H Burley Elementary School","Level 1",651
60608,609867,"Peter Cooper Elementary Dual Language Academy","Level 2",1434
60608,609867,"Peter Cooper Elementary Dual Language Academy","Level 2",828
60656,610083,"Daniel C Beard Elementary School","Not Enough Data",452
60641,610159,"Jonathan Y Scammon Elementary School","Level 2",1133
60618,609866,"John C Coonley Elementary School","Level 1",1564
60659,610182,"Hannah G Solomon Elementary School","Level 1",1521
60632,610157,"Sidney Sawyer Elementary School","Level 2",358
60632,610157,"Sidney Sawyer Elementary School","Level 2",775
60632,610157,"Sidney Sawyer Elementary School","Level 2",340
60655,610082,"Mount Greenwood Elementary School","Level 1",503
60632,610249,"Talman Elementary School","Level 1",358
60632,610249,"Talman Elementary School","Level 1",775
60632,610249,"Talman Elementary School","Level 1",340
60609,610237,"Ludwig Van Beethoven Elementary School","Level 3",278
60609,610237,"Ludwig Van Beethoven Elementary School","Level 3",286
60609,610237,"Ludwig Van Beethoven Elementary School","Level 3",882
60609,610237,"Ludwig Van Beethoven Elementary School","Level 3",492
60609,610237,"Ludwig Van Beethoven Elementary School","Level 3",360
60619,610312,"Mary E McDowell Elementary School","Level 2",721
60619,610312,"Mary E McDowell Elementary School","Level 2",403
60631,610104,"William J Onahan Elementary School","Level 1",797
60652,610109,"William Bishop Owen Scholastic Academy Elementary School","Level 1",649
60652,610109,"William Bishop Owen Scholastic Academy Elementary School","Level 1",1230
60624,610221,"Daniel Webster Elementary School","Level 1",710
60615,609746,"Kenwood Academy High School","Level 2",953
60615,609746,"Kenwood Academy High School","Level 2",773
60609,609682,"Ellen H Richards Career Academy High School","Level 2",278
60609,609682,"Ellen H Richards Career Academy High School","Level 2",286
60609,609682,"Ellen H Richards Career Academy High School","Level 2",882
60609,609682,"Ellen H Richards Career Academy High School","Level 2",492
60609,609682,"Ellen H Richards Career Academy High School","Level 2",360
60657,609974,"Hawthorne Elementary Scholastic Academy","Level 1",565
60657,609974,"Hawthorne Elementary Scholastic Academy","Level 1",651
60623,610499,"Collins Academy High School","Level 2",1693
60623,610499,"Collins Academy High School","Level 2",1056
60605,609990,"South Loop Elementary School","Level 1",1588
60621,610264,"Walter Reed Elementary School","Level 2",454
60639,609679,"Charles Allen Prosser Career Academy High School","Level 2",1070
60639,609679,"Charles Allen Prosser Career Academy High School","Level 2",1348
60612,609797,"Jacob Beidler Elementary School","Level 2",723
60612,609797,"Jacob Beidler Elementary School","Level 2",334
60616,609891,"James R Doolittle Jr Elementary School","Level 3",66
60616,609891,"James R Doolittle Jr Elementary School","Level 3",569
60624,609693,"George Westinghouse High School","Not Enough Data",710
60641,610515,"Disney II Magnet School","Level 1",1133
60623,610034,"Lawndale Elementary Community Academy","Level 3",1693
60623,610034,"Lawndale Elementary Community Academy","Level 3",1056
60622,609759,"Roberto Clemente Community Academy High School","Level 2",571
60632,609855,"Walter S Christopher Elementary School","Level 3",358
60632,609855,"Walter S Christopher Elementary School","Level 3",775
60632,609855,"Walter S Christopher Elementary School","Level 3",340
60609,609735,"Edward Tilden Career Community Academy High School","Level 2",278
60609,609735,"Edward Tilden Career Community Academy High School","Level 2",286
60609,609735,"Edward Tilden Career Community Academy High School","Level 2",882
60609,609735,"Edward Tilden Career Community Academy High School","Level 2",492
60609,609735,"Edward Tilden Career Community Academy High School","Level 2",360
60626,610284,"New Field Elementary School","Level 2",1272
60637,610263,"John Foster Dulles Elementary School","Level 2",743
60644,609906,"Robert Emmet Elementary School","Level 2",432
60641,609798,"Hiram H Belding Elementary School","Level 2",1133
60624,610348,"Nathan R Goldblatt Elementary School","Level 3",710
60623,610227,"Eli Whitney Elementary School","Level 2",1693
60623,610227,"Eli Whitney Elementary School","Level 2",1056
60647,610088,"Wolfgang A Mozart Elementary School","Level 2",249
60647,610088,"Wolfgang A Mozart Elementary School","Level 2",581
60647,610088,"Wolfgang A Mozart Elementary School","Level 2",615
60620,609864,"John W Cook Elementary School","Level 2",750
60620,609864,"John W Cook Elementary School","Level 2",1277
60617,610052,"Horace Mann Elementary School","Level 3",439
60617,610052,"Horace Mann Elementary School","Level 3",352
60617,610052,"Horace Mann Elementary School","Level 3",276
60617,610052,"Horace Mann Elementary School","Level 3",421
60609,609993,"Agustin Lara Elementary Academy","Level 1",278
60609,609993,"Agustin Lara Elementary Academy","Level 1",286
60609,609993,"Agustin Lara Elementary Academy","Level 1",882
60609,609993,"Agustin Lara Elementary Academy","Level 1",492
60609,609993,"Agustin Lara Elementary Academy","Level 1",360
60616,609894,"John B Drake Elementary School","Level 3",66
60616,609894,"John B Drake Elementary School","Level 3",569
60617,610002,"Thomas Hoyne Elementary School","Level 1",439
60617,610002,"Thomas Hoyne Elementary School","Level 1",352
60617,610002,"Thomas Hoyne Elementary School","Level 1",276
60617,610002,"Thomas Hoyne Elementary School","Level 1",421
60638,609981,"Phobe Apperson Hearst Elementary School","Level 3",1097
60638,609981,"Phobe Apperson Hearst Elementary School","Level 3",1002
60621,609791,"Perkins Bass Elementary School","Level 3",454
60641,609766,"Jacqueline B Vaughn Occupational High School","Not Enough Data",1133
60636,609897,"Charles W Earle Elementary School","Level 2",606
60628,609800,"Frank I Bennett Elementary School","Level 3",1221
60628,609800,"Frank I Bennett Elementary School","Level 3",524
60634,609836,"Arthur E Canty Elementary School","Level 1",607
60634,609836,"Arthur E Canty Elementary School","Level 1",815
60634,609836,"Arthur E Canty Elementary School","Level 1",770
60628,609943,"Samuel Gompers Fine Arts Options Elementary School","Level 2",1221
60628,609943,"Samuel Gompers Fine Arts Options Elementary School","Level 2",524
60618,609988,"Patrick Henry Elementary School","Level 1",1564
60623,610215,"Francisco I Madero Middle School","Level 2",1693
60623,610215,"Francisco I Madero Middle School","Level 2",1056
60607,609755,"Whitney M Young Magnet High School","Level 1",929
60620,610153,"William H Ryder Math & Science Specialty Elementary School","Level 3",750
60620,610153,"William H Ryder Math & Science Specialty Elementary School","Level 3",1277
60617,609935,"Matthew Gallistel Elementary Language Academy","Level 2",439
60617,609935,"Matthew Gallistel Elementary Language Academy","Level 2",352
60617,609935,"Matthew Gallistel Elementary Language Academy","Level 2",276
60617,609935,"Matthew Gallistel Elementary Language Academy","Level 2",421
60616,610217,"James Ward Elementary School","Level 1",66
60616,610217,"James Ward Elementary School","Level 1",569
60639,610068,"Hanson Park Elementary School","Level 2",1070
60639,610068,"Hanson Park Elementary School","Level 2",1348
60623,610357,"Spry Community Links High School","Level 2",1693
60623,610357,"Spry Community Links High School","Level 2",1056
60613,610363,"Walt Disney Magnet Elementary School","Level 1",807
60644,610156,"Louis Armstrong Math & Science Elementary School","Level 3",432
60609,610246,"Edward Beasley Elementary Magnet Academic Center","Level 1",278
60609,610246,"Edward Beasley Elementary Magnet Academic Center","Level 1",286
60609,610246,"Edward Beasley Elementary Magnet Academic Center","Level 1",882
60609,610246,"Edward Beasley Elementary Magnet Academic Center","Level 1",492
60609,610246,"Edward Beasley Elementary Magnet Academic Center","Level 1",360
60629,610544,"Mariano Azuela Elementary School","Not Enough Data",797
60629,610544,"Mariano Azuela Elementary School","Not Enough Data",1698
60605,609678,"William Jones College Preparatory High School","Level 1",1588
60617,610045,"Robert H Lawrence Elementary School","Level 3",439
60617,610045,"Robert H Lawrence Elementary School","Level 3",352
60617,610045,"Robert H Lawrence Elementary School","Level 3",276
60617,610045,"Robert H Lawrence Elementary School","Level 3",421
60827,609845,"George Washington Carver Primary School","Level 3",181
60637,609916,"Enrico Fermi Elementary School","Level 3",743
60621,610290,"Benjamin E Mays Elementary Academy","Level 2",454
60643,610032,"Wendell E Green Elementary School","Level 1",1080
60643,610032,"Wendell E Green Elementary School","Level 1",1053
60643,610032,"Wendell E Green Elementary School","Level 1",155
60639,610097,"William P Nixon Elementary School","Level 2",1070
60639,610097,"William P Nixon Elementary School","Level 2",1348
60652,609839,"Carroll-Rosenwald Specialty Elementary School","Level 2",649
60652,609839,"Carroll-Rosenwald Specialty Elementary School","Level 2",1230
60636,609775,"John P Altgeld Elementary School","Level 3",606
60624,610334,"Al Raby High School","Level 3",710
60651,609975,"John Hay Elementary Community Academy","Level 2",275
60626,609918,"Eugene Field Elementary School","Level 2",1272
60634,610201,"Ole A Thorp Elementary Scholastic Academy","Level 1",607
60634,610201,"Ole A Thorp Elementary Scholastic Academy","Level 1",815
60634,610201,"Ole A Thorp Elementary Scholastic Academy","Level 1",770
60623,609873,"Crown Community Academy of Fine Arts Center Elementary School","Level 2",1693
60623,609873,"Crown Community Academy of Fine Arts Center Elementary School","Level 2",1056
60622,610520,"LaSalle II Magnet Elementary School","Level 1",571
60643,609762,"Percy L Julian High School","Level 3",1080
60643,609762,"Percy L Julian High School","Level 3",1053
60643,609762,"Percy L Julian High School","Level 3",155
60621,610173,"Jesse Sherwood Elementary School","Level 2",454
60608,610015,"Joseph Jungman Elementary School","Level 2",1434
60608,610015,"Joseph Jungman Elementary School","Level 2",828
60637,610150,"Betsy Ross Elementary School","Level 3",743
60623,610005,"Charles Evans Hughes Elementary School","Level 3",1693
60623,610005,"Charles Evans Hughes Elementary School","Level 3",1056
60624,610202,"George W Tilton Elementary School","Level 3",710
60631,610163,"Frederick Stock Elementary School","NDA",797
60620,610072,"Garrett A Morgan Elementary School","Level 3",750
60620,610072,"Garrett A Morgan Elementary School","Level 3",1277
60623,610024,"Lazaro Cardenas Elementary School","Level 1",1693
60623,610024,"Lazaro Cardenas Elementary School","Level 1",1056
60641,610135,"Portage Park Elementary School","Level 2",1133
60651,610098,"Alfred Nobel Elementary School","Level 2",275
60612,609888,"Mary Mapes Dodge Elementary Renaissance Academy","Level 2",723
60612,609888,"Mary Mapes Dodge Elementary Renaissance Academy","Level 2",334
60609,609987,"Thomas A Hendricks Elementary Community Academy","Level 3",278
60609,609987,"Thomas A Hendricks Elementary Community Academy","Level 3",286
60609,609987,"Thomas A Hendricks Elementary Community Academy","Level 3",882
60609,609987,"Thomas A Hendricks Elementary Community Academy","Level 3",492
60609,609987,"Thomas A Hendricks Elementary Community Academy","Level 3",360
60622,610029,"Rodolfo Lozano Bilingual & International Center Elementary School","Level 2",571
60610,610012,"Edward Jenner Elementary Academy of the Arts","Level 3",553
60618,610325,"Logandale Middle School","Level 2",1564
60610,610250,"Rueben Salazar Elementary Bilingual Center","Level 2",553
60616,610081,"Mark Sheridan Elementary Math & Science Academy","Level 1",66
60616,610081,"Mark Sheridan Elementary Math & Science Academy","Level 1",569
60612,610023,"William H King Elementary School","Level 3",723
60612,610023,"William H King Elementary School","Level 3",334
60636,610161,"Arna Wendell Bontemps Elementary School","Level 3",606
60652,609807,"Lionel Hampton Fine & Performing Arts Elementary School","Level 2",649
60652,609807,"Lionel Hampton Fine & Performing Arts Elementary School","Level 2",1230
60618,610541,"Federico Garcia Lorca Elementary School","Not Enough Data",1564
60609,609947,"Alexander Graham Elementary School","Level 2",278
60609,609947,"Alexander Graham Elementary School","Level 2",286
60609,609947,"Alexander Graham Elementary School","Level 2",882
60609,609947,"Alexander Graham Elementary School","Level 2",492
60609,609947,"Alexander Graham Elementary School","Level 2",360
60608,609996,"Charles N Holden Elementary School","Level 2",1434
60608,609996,"Charles N Holden Elementary School","Level 2",828
60644,610245,"Frederick A Douglass Academy High School","Level 3",432
60608,610075,"Moses Montefiore Special Elementary School","Level 3",1434
60608,610075,"Moses Montefiore Special Elementary School","Level 3",828
60617,610218,"Joseph Warren Elementary School","Level 2",439
60617,610218,"Joseph Warren Elementary School","Level 2",352
60617,610218,"Joseph Warren Elementary School","Level 2",276
60617,610218,"Joseph Warren Elementary School","Level 2",421
60616,609769,"Ray Graham Training Center High School","Not Enough Data",66
60616,609769,"Ray Graham Training Center High School","Not Enough Data",569
60623,609973,"Emiliano Zapata Elementary Academy","Level 2",1693
60623,609973,"Emiliano Zapata Elementary Academy","Level 2",1056
60623,609921,"Telpochcalli Elementary School","Level 3",1693
60623,609921,"Telpochcalli Elementary School","Level 3",1056
60619,609786,"Avalon Park Elementary School","Level 2",721
60619,609786,"Avalon Park Elementary School","Level 2",403
60622,610107,"James Otis Elementary School","Level 1",571
60628,610091,"Ronald Brown Elementary Community Academy","Level 2",1221
60628,610091,"Ronald Brown Elementary Community Academy","Level 2",524
60623,610273,"Ignance Paderewski Elementary Learning Academy","Level 3",1693
60623,610273,"Ignance Paderewski Elementary Learning Academy","Level 3",1056
60620,610102,"Richard J Oglesby Elementary School","Level 3",750
60620,610102,"Richard J Oglesby Elementary School","Level 3",1277
60615,610380,"Daniel Hale Williams Prep School of Medicine","Level 2",953
60615,610380,"Daniel Hale Williams Prep School of Medicine","Level 2",773
60619,610152,"Martha Ruggles Elementary School","Level 2",721
60619,610152,"Martha Ruggles Elementary School","Level 2",403
60641,609949,"William P Gray Elementary School","Level 1",1133
60827,610364,"William E B Dubois Elementary School","Level 3",181
60628,609705,"Christian Fenger Academy High School","Level 3",1221
60628,609705,"Christian Fenger Academy High School","Level 3",524
60628,610160,"Songhai Elementary Learning Institute","Level 3",1221
60628,610160,"Songhai Elementary Learning Institute","Level 3",524
60623,610383,"Greater Lawndale High School For Social Justice","Level 3",1693
60623,610383,"Greater Lawndale High School For Social Justice","Level 3",1056
60622,609740,"Wells Community Academy High School","Level 2",571
60629,610396,"Tarkington School of Excellence Elementary School","Level 2",797
60629,610396,"Tarkington School of Excellence Elementary School","Level 2",1698
60639,610040,"Henry D Lloyd Elementary School","Level 3",1070
60639,610040,"Henry D Lloyd Elementary School","Level 3",1348
60623,609704,"David G Farragut Career Academy High School","Level 2",1693
60623,609704,"David G Farragut Career Academy High School","Level 2",1056
60625,610127,"Mary Gage Peterson Elementary School","Level 1",1888
60625,610127,"Mary Gage Peterson Elementary School","Level 1",1103
60614,610095,"Walter L Newberry Math & Science Academy Elementary School","Level 1",1142
60644,610000,"Julia Ward Howe Elementary School of Excellence","Level 1",432
60644,400018,"Austin Business and Entrepreneurship Academy High School","Level 3",432
60626,609865,"Jordan Elementary Community School","Level 2",1272
60636,609869,"Anna R. Langford Community Academy","Level 2",606
60619,610093,"Jane A Neil Elementary School","Level 3",721
60619,610093,"Jane A Neil Elementary School","Level 3",403
60622,610197,"Mancel Talcott Elementary School","Level 1",571
60649,609806,"Myra Bradwell Communications Arts & Sciences Elementary School","Level 3",225
60632,610317,"Brighton Park Elementary School","Level 1",358
60632,610317,"Brighton Park Elementary School","Level 1",775
60632,610317,"Brighton Park Elementary School","Level 1",340
60628,610188,"Dunne Technology Academy","Level 1",1221
60628,610188,"Dunne Technology Academy","Level 1",524
60618,609792,"Newton Bateman Elementary School","Level 2",1564
60618,610144,"Frank W Reilly Elementary School","Level 2",1564
60651,610235,"Ella Flagg Young Elementary School","Level 2",275
60608,610329,"Orozco Fine Arts & Sciences Elementary School","Level 1",1434
60608,610329,"Orozco Fine Arts & Sciences Elementary School","Level 1",828
60622,610320,"Ana Roque de Duprey Elementary School","Level 2",571
60618,610524,"Alcott High School for the Humanities","Not Enough Data",1564
60647,609875,"Charles R Darwin Elementary School","Level 2",249
60647,609875,"Charles R Darwin Elementary School","Level 2",581
60647,609875,"Charles R Darwin Elementary School","Level 2",615
60628,609710,"John M Harlan Community Academy High School","Level 3",1221
60628,609710,"John M Harlan Community Academy High School","Level 3",524
60646,609901,"Edgebrook Elementary School","Level 1",804
60619,609827,"Burnside Elementary Scholastic Academy","Level 2",721
60619,609827,"Burnside Elementary Scholastic Academy","Level 2",403
60638,609832,"Michael M Byrne Elementary School","Level 3",1097
60638,609832,"Michael M Byrne Elementary School","Level 3",1002
60632,610532,"Irene C. Hernandez Middle School for the Advancement of Science","Not Enough Data",358
60632,610532,"Irene C. Hernandez Middle School for the Advancement of Science","Not Enough Data",775
60632,610532,"Irene C. Hernandez Middle School for the Advancement of Science","Not Enough Data",340
60609,609983,"James Hedges Elementary School","Level 2",278
60609,609983,"James Hedges Elementary School","Level 2",286
60609,609983,"James Hedges Elementary School","Level 2",882
60609,609983,"James Hedges Elementary School","Level 2",492
60609,609983,"James Hedges Elementary School","Level 2",360
60634,610145,"Peter A Reinberg Elementary School","Level 1",607
60634,610145,"Peter A Reinberg Elementary School","Level 1",815
60634,610145,"Peter A Reinberg Elementary School","Level 1",770
60620,609895,"Turner-Drew Elementary Language Academy","Level 1",750
60620,609895,"Turner-Drew Elementary Language Academy","Level 1",1277
60628,609726,"Gwendolyn Brooks College Preparatory Academy High School","Level 1",1221
60628,609726,"Gwendolyn Brooks College Preparatory Academy High School","Level 1",524
60621,610283,"Simon Guggenheim Elementary School","Level 3",454
60638,609893,"John C Dore Elementary School","Level 1",1097
60638,609893,"John C Dore Elementary School","Level 1",1002
60615,610018,"Miriam G Canter Middle School","Level 3",953
60615,610018,"Miriam G Canter Middle School","Level 3",773
60636,610108,"Luke O'Toole Elementary School","Level 3",606
60609,610167,"William H Seward Communication Arts Academy Elementary School","Level 2",278
60609,610167,"William H Seward Communication Arts Academy Elementary School","Level 2",286
60609,610167,"William H Seward Communication Arts Academy Elementary School","Level 2",882
60609,610167,"William H Seward Communication Arts Academy Elementary School","Level 2",492
60609,610167,"William H Seward Communication Arts Academy Elementary School","Level 2",360
60610,610101,"William B Ogden Elementary School","Level 2",553
60634,610340,"Chicago Academy High School","Level 2",607
60634,610340,"Chicago Academy High School","Level 2",815
60634,610340,"Chicago Academy High School","Level 2",770
60624,609985,"Helen M Hefferan Elementary School","Level 2",710
60616,610126,"John J Pershing Elementary Humanities Magnet","Level 1",66
60616,610126,"John J Pershing Elementary Humanities Magnet","Level 1",569
60656,609874,"Everett McKinley Dirksen Elementary School","Level 1",452
60656,609937,"John W Garvy Elementary School","Level 1",452
60632,609903,"Richard Edwards Elementary School","Level 2",358
60632,609903,"Richard Edwards Elementary School","Level 2",775
60632,609903,"Richard Edwards Elementary School","Level 2",340
60621,610019,"Joshua D Kershaw Elementary School","Level 2",454
60616,610395,"Pershing West Middle School","Level 2",66
60616,610395,"Pershing West Middle School","Level 2",569
60659,609744,"Northside Learning Center High School","Not Enough Data",1521
60619,610268,"Arthur R Ashe Elementary School","Level 3",721
60619,610268,"Arthur R Ashe Elementary School","Level 3",403
60619,609939,"Frank L Gillespie Elementary School","Level 2",721
60619,609939,"Frank L Gillespie Elementary School","Level 2",403
60628,609932,"Jesse Owens Elementary Community Academy","Level 2",1221
60628,609932,"Jesse Owens Elementary Community Academy","Level 2",524
60629,610203,"Enrico Tonti Elementary School","Level 2",797
60629,610203,"Enrico Tonti Elementary School","Level 2",1698
60615,610175,"Beulah Shoesmith Elementary School","Level 2",953
60615,610175,"Beulah Shoesmith Elementary School","Level 2",773
60634,609810,"Norman A Bridge Elementary School","Level 2",607
60634,609810,"Norman A Bridge Elementary School","Level 2",815
60634,609810,"Norman A Bridge Elementary School","Level 2",770
60610,610048,"George Manierre Elementary School","Level 3",553
60624,610293,"Genevieve Melody Elementary School","Level 3",710
60608,610131,"Ambrose Plamondon Elementary School","Level 2",1434
60608,610131,"Ambrose Plamondon Elementary School","Level 2",828
60614,610059,"Oscar F Mayer Elementary School","Level 2",1142
60616,609959,"John Charles Haines Elementary School","Level 1",66
60616,609959,"John Charles Haines Elementary School","Level 1",569
60623,610240,"Matthew A Henson Elementary School","Level 3",1693
60623,610240,"Matthew A Henson Elementary School","Level 3",1056
60637,609977,"Woodlawn Community Elementary School","Level 2",743
60622,610313,"Jose De Diego Elementary Community Academy","Level 3",571
60619,610124,"Harold Washington Elementary School","Level 2",721
60619,610124,"Harold Washington Elementary School","Level 2",403
60614,610033,"LaSalle Elementary Language Academy","Level 1",1142
60659,609859,"DeWitt Clinton Elementary School","Level 1",1521
60630,609912,"James B Farnsworth Elementary School","Level 2",413
60630,609912,"James B Farnsworth Elementary School","Level 2",947
60609,610513,"Air Force Academy High School","Not Enough Data",278
60609,610513,"Air Force Academy High School","Not Enough Data",286
60609,610513,"Air Force Academy High School","Not Enough Data",882
60609,610513,"Air Force Academy High School","Not Enough Data",492
60609,610513,"Air Force Academy High School","Not Enough Data",360
60630,610111,"John Palmer Elementary School","Level 2",413
60630,610111,"John Palmer Elementary School","Level 2",947
60608,609909,"Edward Everett Elementary School","Level 2",1434
60608,609909,"Edward Everett Elementary School","Level 2",828
60643,610195,"Elizabeth H Sutherland Elementary School","Level 2",1080
60643,610195,"Elizabeth H Sutherland Elementary School","Level 2",1053
60643,610195,"Elizabeth H Sutherland Elementary School","Level 2",155
60614,609774,"Louisa May Alcott Elementary School","Level 1",1142
60643,610295,"Thomas J Higgins Elementary Community Academy","Level 1",1080
60643,610295,"Thomas J Higgins Elementary Community Academy","Level 1",1053
60643,610295,"Thomas J Higgins Elementary Community Academy","Level 1",155
60618,610089,"John B Murphy Elementary School","Level 1",1564
60612,610502,"Marine Military Math and Science Academy","Level 2",723
60612,610502,"Marine Military Math and Science Academy","Level 2",334
60624,610194,"Charles Sumner  Math & Science Community Acad Elementary School","Level 3",710
60617,610219,"George Washington Elementary School","Level 1",439
60617,610219,"George Washington Elementary School","Level 1",352
60617,610219,"George Washington Elementary School","Level 1",276
60617,610219,"George Washington Elementary School","Level 1",421
60615,610090,"Phillip Murray Elementary Language Academy","Level 2",953
60615,610090,"Phillip Murray Elementary Language Academy","Level 2",773
60646,610155,"Sauganash Elementary School","Level 1",804
60617,610323,"New Millennium High School of Health at Bowen","Level 3",439
60617,610323,"New Millennium High School of Health at Bowen","Level 3",352
60617,610323,"New Millennium High School of Health at Bowen","Level 3",276
60617,610323,"New Millennium High School of Health at Bowen","Level 3",421
60646,610230,"Wildwood Elementary School","Level 1",804
60609,609781,"Crispus Attucks Elementary School","Level 3",278
60609,609781,"Crispus Attucks Elementary School","Level 3",286
60609,609781,"Crispus Attucks Elementary School","Level 3",882
60609,609781,"Crispus Attucks Elementary School","Level 3",492
60609,609781,"Crispus Attucks Elementary School","Level 3",360
60609,609964,"John H Hamline Elementary School","Level 2",278
60609,609964,"John H Hamline Elementary School","Level 2",286
60609,609964,"John H Hamline Elementary School","Level 2",882
60609,609964,"John H Hamline Elementary School","Level 2",492
60609,609964,"John H Hamline Elementary School","Level 2",360
60620,610300,"Oliver S Westcott Elementary School","Level 2",750
60620,610300,"Oliver S Westcott Elementary School","Level 2",1277
60632,609876,"Nathan S Davis Elementary School","Level 1",358
60632,609876,"Nathan S Davis Elementary School","Level 1",775
60632,609876,"Nathan S Davis Elementary School","Level 1",340
60626,609733,"Roger C Sullivan High School","Level 3",1272
60624,609907,"Leif Ericson Elementary Scholastic Academy","Level 2",710
60620,610003,"Paul Cuffe Math-Science Technology Academy Elementary School","Level 3",750
60620,610003,"Paul Cuffe Math-Science Technology Academy Elementary School","Level 3",1277
60651,610100,"West Park Elementary Academy","Level 3",275
60638,609956,"Robert L Grimes Elementary School","Level 1",1097
60638,609956,"Robert L Grimes Elementary School","Level 1",1002
60643,610315,"Edward White Elementary Career Academy","Level 2",1080
60643,610315,"Edward White Elementary Career Academy","Level 2",1053
60643,610315,"Edward White Elementary Career Academy","Level 2",155
60621,610265,"Benjamin Banneker Elementary School","Level 3",454
60628,610028,"Alfred David Kohn Elementary School","Level 3",1221
60628,610028,"Alfred David Kohn Elementary School","Level 3",524
60629,610067,"Francis M McKay Elementary School","Level 3",797
60629,610067,"Francis M McKay Elementary School","Level 3",1698
60623,609920,"Gerald Delgado Kanoon Elementary Magnet School","Level 3",1693
60623,609920,"Gerald Delgado Kanoon Elementary Magnet School","Level 3",1056
60652,609879,"Charles Gates Dawes Elementary School","Level 2",649
60652,609879,"Charles Gates Dawes Elementary School","Level 2",1230
60621,610238,"Carrie Jacobs Bond Elementary School","Level 2",454
60657,610010,"Friedrich Ludwig Jahn Elementary School","Level 2",565
60657,610010,"Friedrich Ludwig Jahn Elementary School","Level 2",651
60638,609718,"John F Kennedy High School","Level 3",1097
60638,609718,"John F Kennedy High School","Level 3",1002
60647,610138,"Pulaski International Academy Elmentary School","Level 1",249
60647,610138,"Pulaski International Academy Elmentary School","Level 1",581
60647,610138,"Pulaski International Academy Elmentary School","Level 1",615
60625,609794,"Thomas A Edison Regional Gifted Center Elementary School","Level 1",1888
60625,609794,"Thomas A Edison Regional Gifted Center Elementary School","Level 1",1103
60634,610046,"Mary Lyon Elementary School","Level 2",607
60634,610046,"Mary Lyon Elementary School","Level 2",815
60634,610046,"Mary Lyon Elementary School","Level 2",770
60636,610347,"Claremont Academy Elementary School","Level 2",606
60639,610533,"Dr Jorge Prieto Math and Science","Not Enough Data",1070
60639,610533,"Dr Jorge Prieto Math and Science","Not Enough Data",1348
60637,610213,"James Wadsworth Elementary School","Level 3",743
60644,610058,"Horatio May Elementary Community Academy","Level 3",432
60639,609716,"Kelvyn Park High School","Level 3",1070
60639,609716,"Kelvyn Park High School","Level 3",1348
60644,610183,"Spencer Technology Academy","Level 2",432
60623,609834,"Little Village Elementary School","Level 1",1693
60623,609834,"Little Village Elementary School","Level 1",1056
60649,609815,"Edward A Bouchet Math & Science Academy Elementary School","Level 3",225
60620,610027,"Rudyard Kipling Elementary School","Level 2",750
60620,610027,"Rudyard Kipling Elementary School","Level 2",1277
60643,610128,"Marcus Moziah Garvey Elementary School","Level 2",1080
60643,610128,"Marcus Moziah Garvey Elementary School","Level 2",1053
60643,610128,"Marcus Moziah Garvey Elementary School","Level 2",155
60655,609753,"Chicago High School for Agricultural Sciences","Level 1",503
60634,610041,"Josephine C Locke Elementary School","Level 1",607
60634,610041,"Josephine C Locke Elementary School","Level 1",815
60634,610041,"Josephine C Locke Elementary School","Level 1",770
60612,609812,"William H Brown Elementary School","Level 2",723
60612,609812,"William H Brown Elementary School","Level 2",334
60616,610336,"Williams Preparatory Academy Middle School","Level 3",66
60616,610336,"Williams Preparatory Academy Middle School","Level 3",569
60659,609724,"Stephen T Mather High School","Level 2",1521
60649,610297,"High School of Leadership at South Shore","Level 3",225
60621,610506,"TEAM Englewood Community Academy High School","Level 2",454
60619,610350,"Robert A Black Magnet Elementary School","Level 1",721
60619,610350,"Robert A Black Magnet Elementary School","Level 1",403
60624,610154,"Martin A Ryerson Elementary School","Level 1",710
60623,610384,"Infinity Math Science and Technology High School","Level 2",1693
60623,610384,"Infinity Math Science and Technology High School","Level 2",1056
60623,609870,"Daniel J Corkery Elementary School","Level 2",1693
60623,609870,"Daniel J Corkery Elementary School","Level 2",1056
